종목명,현재가,전일비,등락률,매수호가,매도호가,거래량,거래대금,전일거래량,조회일자,종목코드,매출액,영업이익,당기순이익,영업이익률,순이익률,EPS(원)_x,PER(배)_x,상장주식수,외국인한도주식수(A),외국인보유주식수(B),외국인소진율(B/A),동일업종 PER,동일업종 등락률,코스피/코스닥,시가총액(억원),시가총액순위(전처리),52주최고,52주최저,52주차액,52주차액비율,현재-최고가,현재/최고가비율,목표주가,투자의견,매수매도,PER(배)_y,EPS(원)_y,PBR(배),BPS(원),배당수익률%
한국유니온제약 *,6220.0,상승  410,+7.06%,6220.0,6230.0,30120.0,184.0,7041.0,2024-05-12,080720,,,,,,,,7909829,7909829,53729,0.68%,101.57,+0.31%,코스닥,492,1344,6460,4210,2250,1.5344418052256532,-240.0,0.9628482972136223,,,,,-2297,1.48,4196.0,
에이비온 *,8200.0,상승  490,+6.36%,8190.0,8200.0,240152.0,1946.0,171467.0,2024-05-12,203400,,,,,,,,22025993,22025993,68933,0.31%,101.57,+0.31%,코스닥,1806,498,9720,4710,5010,2.0636942675159236,-1520.0,0.8436213991769548,,,,,-1524,18.1,453.0,
에이프로젠바이오로직스,1631.0,상승  90,+5.84%,1631.0,1632.0,498832.0,802.0,155279.0,2024-05-12,003060,,,,,,,,66575468,66575468,374036,0.56%,101.57,+0.31%,코스피,1086,887,6927,1467,5460,4.7218813905930475,-5296.0,0.23545546412588422,,,,,-1838,0.29,5607.0,
광동헬스바이오,2710.0,상승  105,+4.03%,2610.0,2675.0,2.0,5.0,891.0,2024-05-12,086220,,,,,,,,11086579,11086579,203906,1.84%,101.57,+0.31%,코스피,1159,753,14950,7580,7370,1.9722955145118735,-12240.0,0.18127090301003346,,,,27.72,377,0.95,11027.0,0.48
대봉엘에스 *,10450.0,상승  400,+3.98%,10440.0,10450.0,203025.0,2095.0,84220.0,2024-05-12,078140,,,,,,,,98867465,98867465,1221029,1.24%,101.57,+0.31%,코스닥,1932,455,3140,1180,1960,2.6610169491525424,7310.0,3.328025477707006,,,,,-540,2.58,757.0,
네오이뮨텍 *,1954.0,상승  66,+3.50%,1953.0,1954.0,1062278.0,2056.0,884492.0,2024-05-12,950220,,,,,,,,9603921,9603921,374065,3.89%,101.57,+0.31%,코스닥,946,928,11490,8500,2990,1.351764705882353,-9536.0,0.1700609225413403,,,,10.43,944,0.41,24263.0,3.55
코스맥스비티아이,9850.0,상승  280,+2.93%,9840.0,9850.0,13190.0,126.0,3667.0,2024-05-12,044820,,,,,,,,29415558,29415558,946348,3.22%,101.57,+0.31%,코스피,4762,158,22350,14210,8140,1.5728360309641098,-12500.0,0.4407158836689038,20000.0,4.0,매수,24.27,667,1.18,13693.0,1.9
콜마비앤에이치 *,16190.0,상승  460,+2.92%,16180.0,16190.0,175997.0,2846.0,121289.0,2024-05-12,200130,,,,,,,,264837258,264837258,22866458,8.63%,101.57,+0.31%,코스닥,4118,412,3185,701,2484,4.543509272467903,13005.0,5.083202511773941,,,,,-216,2.57,606.0,
에이프로젠,1555.0,상승  43,+2.84%,1554.0,1555.0,15546732.0,24521.0,7057356.0,2024-05-12,007460,,,,,,,,18586811,18586811,127155,0.68%,101.57,+0.31%,코스피,2712,543,18720,12840,5880,1.4579439252336448,-17165.0,0.08306623931623931,,,,75.6,193,1.08,13556.0,1.03
이연제약,14590.0,상승  390,+2.75%,14550.0,14590.0,20265.0,290.0,12447.0,2024-05-12,102460,,,,,,,,20628000,20628000,215629,1.05%,101.57,+0.31%,코스피,941,902,7330,4120,3210,1.779126213592233,7260.0,1.990450204638472,8000.0,4.0,매수,,-315,2.59,1761.0,
코스맥스엔비티 *,4560.0,상승  110,+2.47%,4560.0,4600.0,117152.0,537.0,54439.0,2024-05-12,222040,,,,,,,,23457472,23457472,957116,4.08%,101.57,+0.31%,코스닥,26765,12,151200,49750,101450,3.0391959798994974,-146640.0,0.03015873015873016,,,,,-449,11.78,9689.0,
삼천당제약 *,114100.0,"상승  2,500",+2.24%,114100.0,114200.0,573113.0,65257.0,522539.0,2024-05-12,000250,,,,,,,,34298743,34298743,224143,0.65%,101.57,+0.31%,코스닥,355,1486,1551,847,704,1.8311688311688312,112549.0,73.56544165054804,,,,,-415,2.2,469.0,
블레이드 Ent *,1034.0,상승  21,+2.07%,1029.0,1034.0,45045.0,46.0,132949.0,2024-05-12,044480,,,,,,,,11412356,11412356,169189,1.48%,101.57,+0.31%,코스닥,2545,339,33300,20000,13300,1.665,-32266.0,0.031051051051051052,,,,,-2692,1.85,12063.0,
코오롱생명과학 *,22300.0,상승  450,+2.06%,22200.0,22300.0,7971.0,176.0,7199.0,2024-05-12,102940,,,,,,,,114152276,114152276,0,0.00%,101.57,+0.31%,코스닥,728,1087,2495,528,1967,4.725378787878788,19805.0,8.937875751503006,,,,7.97,80,0.25,2518.0,
AP헬스케어 *,638.0,상승  12,+1.92%,636.0,638.0,533449.0,339.0,287257.0,2024-05-12,109960,,,,,,,,9200224,9200224,86268,0.94%,101.57,+0.31%,코스닥,820,1004,9840,5480,4360,1.7956204379562044,-9202.0,0.06483739837398374,,,,17.78,501,0.8,11096.0,
뉴트리 *,8910.0,상승  160,+1.83%,8900.0,8910.0,17765.0,157.0,16630.0,2024-05-12,270870,7255.0,61.0,58.0,0.84,0.79,17.0,10992.63,216929838,216929838,52497462,24.20%,101.57,+0.31%,코스닥,418458,8,241000,131000,110000,1.8396946564885497,-232090.0,0.036970954356846476,231818.0,4.0,매수,53.01,3639,2.4,80331.0,0.26
셀트리온,192900.0,"상승  3,200",+1.69%,192900.0,193000.0,711143.0,137968.0,803653.0,2024-05-12,068270,,,,,,,,9731373,9731373,333673,3.43%,101.57,+0.31%,코스피,1431,614,19800,12300,7500,1.6097560975609757,173100.0,9.742424242424242,,,,,-292,1.11,13302.0,
안트로젠 *,14700.0,상승  240,+1.66%,14620.0,14700.0,13301.0,194.0,11829.0,2024-05-12,065660,1972.0,214.0,184.0,10.83,9.35,449.0,37.88,44460000,44460000,7679635,17.27%,101.57,+0.31%,코스닥,7558,97,19620,13000,6620,1.5092307692307692,-4920.0,0.7492354740061162,23333.0,4.0,매수,16.3,1043,1.4,12177.0,1.06
동국제약 *,17000.0,상승  270,+1.61%,17000.0,17020.0,181647.0,3092.0,44486.0,2024-05-12,086450,1078.0,68.0,-12.0,6.36,-1.16,,,78313250,78313250,7934461,10.13%,101.57,+0.31%,코스닥,7325,57,104800,69200,35600,1.5144508670520231,-87800.0,0.16221374045801526,124000.0,4.0,매수,,-420,24.79,3622.0,
SK바이오팜,89800.0,"상승  1,400",+1.58%,89800.0,89900.0,113434.0,10299.0,91951.0,2024-05-12,326030,,,,,,,,28310000,28310000,205677,0.73%,101.57,+0.31%,코스피,636,1175,4584,2090,2494,2.1933014354066986,85216.0,19.589877835951135,,,,,-391,0.83,2707.0,
프롬바이오 *,2245.0,상승  35,+1.58%,2230.0,2245.0,208814.0,472.0,129796.0,2024-05-12,377220,,,,,,,,41585174,41585174,3348922,8.05%,101.57,+0.31%,코스닥,4795,7,133300,57785,75515,2.3068270312364803,-131055.0,0.0168417104276069,,,,191.98,511,10.79,9095.0,
셀트리온제약 *,98100.0,"상승  1,500",+1.55%,98000.0,98100.0,108678.0,10725.0,174407.0,2024-05-12,068760,2169.0,174.0,121.0,8.03,5.57,427.0,91.52,28329891,28329891,2561457,9.04%,101.57,+0.31%,코스닥,1723,54,47450,27900,19550,1.700716845878136,50650.0,2.0674394099051634,54917.0,4.0,매수,22.79,1661,0.89,42487.0,0.93
HK이노엔 *,37850.0,상승  500,+1.34%,37800.0,37850.0,128436.0,4794.0,155140.0,2024-05-12,195940,,,,,,,,28889293,28889293,499523,1.73%,101.57,+0.31%,코스닥,329,1513,2095,1083,1012,1.9344413665743305,35755.0,18.066825775656323,,,,,-41,0.98,1161.0,
우진비앤지 *,1138.0,상승  12,+1.07%,1138.0,1139.0,70314.0,80.0,37755.0,2024-05-12,018620,,,,,,,,30979827,30979827,190762,0.62%,101.57,+0.31%,코스닥,512,1322,2410,1570,840,1.535031847133758,-1272.0,0.4721991701244813,,,,,-339,1.25,1323.0,
조아제약 *,1653.0,상승  16,+0.98%,1653.0,1657.0,33956.0,56.0,15943.0,2024-05-12,034940,,,,,,,,12016877,12016877,125183,1.04%,101.57,+0.31%,코스닥,663,1153,6900,5350,1550,1.2897196261682242,-5247.0,0.23956521739130435,,,,5.23,1055,0.66,8301.0,2.72
진양제약 *,5520.0,상승  50,+0.91%,5510.0,5520.0,15573.0,85.0,5569.0,2024-05-12,007370,,,,,,,,21836250,21836250,199676,0.91%,101.57,+0.31%,코스닥,782,1039,3820,1710,2110,2.2339181286549707,1700.0,1.4450261780104712,,,,,-126,3.01,1191.0,
에이디엠코리아 *,3580.0,상승  30,+0.85%,3570.0,3580.0,197314.0,697.0,386735.0,2024-05-12,187660,,,,,,,,5485962,5485962,75388,1.37%,101.57,+0.31%,코스닥,1328,805,27500,19050,8450,1.4435695538057742,-23920.0,0.13018181818181818,,,,,-4410,1.08,22425.0,
종근당바이오,24200.0,상승  200,+0.83%,24150.0,24200.0,2438.0,58.0,6099.0,2024-05-12,063160,,,,,,,,16153162,16153162,498128,3.08%,101.57,+0.31%,코스피,1008,858,9550,4465,5085,2.138857782754759,14650.0,2.5340314136125652,,,,9.37,666,0.71,8811.0,1.6
옵투스제약 *,6240.0,상승  50,+0.81%,6220.0,6240.0,108776.0,672.0,105825.0,2024-05-12,131030,,,,,,,,18754848,18754848,723890,3.86%,101.57,+0.31%,코스닥,1909,468,13880,7470,6410,1.85809906291834,-7640.0,0.4495677233429395,18000.0,4.0,매수,8.66,1175,0.9,11311.0,1.97
노바렉스 *,10180.0,상승  80,+0.79%,10150.0,10180.0,116874.0,1196.0,110555.0,2024-05-12,194700,,,,,,,,10906701,10906701,72874,0.67%,101.57,+0.31%,코스닥,2113,414,29450,15020,14430,1.9607190412782955,-19270.0,0.34567062818336164,,,,2421.25,8,3.08,6288.0,0.26
한국파마 *,19370.0,상승  150,+0.78%,19330.0,19370.0,18158.0,351.0,8726.0,2024-05-12,032300,9180.0,2214.0,1719.0,24.12,18.73,2428.0,321.64,71174000,71174000,8511828,11.96%,101.57,+0.31%,코스닥,56139,4,880000,668000,212000,1.3173652694610778,-860630.0,0.022011363636363638,1015882.0,4.0,매수,65.31,12051,5.7,138119.0,
삼성바이오로직스,787000.0,"상승  6,000",+0.77%,787000.0,788000.0,39687.0,31308.0,82989.0,2024-05-12,207940,,,,,,,,8453556,8453556,92855,1.10%,101.57,+0.31%,코스피,886,948,32750,8710,24040,3.760045924225029,754250.0,24.03053435114504,,,,,-3145,20.88,502.0,
인벤티지랩 *,10480.0,상승  80,+0.77%,10470.0,10480.0,42000.0,437.0,35958.0,2024-05-12,389470,,,,,,,,18178525,18178525,367084,2.02%,101.57,+0.31%,코스닥,983,921,7440,5070,2370,1.467455621301775,3040.0,1.4086021505376345,,,,15.41,351,0.43,12707.0,
팜젠사이언스,5410.0,상승  40,+0.74%,5400.0,5410.0,54927.0,296.0,27945.0,2024-05-12,004720,,,,,,,,31761048,31761048,2176203,6.85%,101.57,+0.31%,코스피,4764,157,18480,7240,11240,2.552486187845304,-13070.0,0.29274891774891776,,,,102.04,147,2.56,5863.0,
듀켐바이오,7200.0,상승  50,+0.70%,7100.0,7200.0,2174.0,15488.0,783.0,2024-05-12,176750,,,,,,,,30768766,30768766,421979,1.37%,101.57,+0.31%,코스피,1969,441,8420,6120,2300,1.3758169934640523,-1220.0,0.8551068883610451,,,,,-673,0.76,8409.0,6.25
바이넥스 *,15000.0,상승  100,+0.67%,15000.0,15030.0,1072271.0,16325.0,765109.0,2024-05-12,053030,,,,,,,,88970559,88970559,1340675,1.51%,101.57,+0.31%,코스닥,433,1408,930,322,608,2.888198757763975,14070.0,16.129032258064516,,,,,-2,1.38,353.0,
HLB사이언스,3020.0,상승  20,+0.67%,3000.0,3020.0,20945.0,62675.0,23858.0,2024-05-12,343090,,,,,,,,17780225,17780225,338566,1.90%,101.57,+0.31%,코스피,5770,124,82312,28350,53962,2.9034215167548503,-79292.0,0.03668966857809311,,,,,-2307,6.78,4786.0,
플럼라인생명과학,6190.0,상승  40,+0.65%,5840.0,6190.0,51.0,317.0,36.0,2024-05-12,222670,3421.0,266.0,209.0,7.76,6.11,983.0,104.99,13174420,13174420,1841827,13.98%,101.57,+0.31%,코스피,13596,191,136500,69571,66929,1.9620244067211914,-130310.0,0.04534798534798535,151750.0,4.0,매수,6.4,16131,1.61,64101.0,1.02
경동제약 *,6400.0,상승  40,+0.63%,6390.0,6400.0,22146.0,141.0,252683.0,2024-05-12,011040,,,,,,,,15327021,15327021,134514,0.88%,101.57,+0.31%,코스닥,794,1023,7480,4965,2515,1.5065458207452165,-1080.0,0.8556149732620321,,,,25.9,200,0.87,5933.0,2.51
프로젠,6430.0,상승  40,+0.63%,6430.0,6440.0,1974.0,12625.0,1686.0,2024-05-12,296160,,,,,,,,17032351,17032351,156840,0.92%,101.57,+0.31%,코스피,809,989,7440,4160,3280,1.7884615384615385,-1010.0,0.864247311827957,,,,,-364,0.79,5976.0,
비엘팜텍 *,487.0,상승  3,+0.62%,487.0,488.0,100389.0,49.0,47917.0,2024-05-12,065170,,,,,,,,15170500,15170500,237135,1.56%,101.57,+0.31%,코스닥,857,972,8540,3860,4680,2.2124352331606216,-8053.0,0.05702576112412178,,,,18.34,308,1.38,4106.0,1.06
보로노이 *,32450.0,상승  200,+0.62%,32400.0,32450.0,47059.0,1524.0,32838.0,2024-05-12,310210,,,,,,,,47028210,47028210,3854534,8.20%,101.57,+0.31%,코스닥,7454,296,17990,12920,5070,1.3924148606811146,14460.0,1.8037798777098388,,,,,-1093,0.73,21591.0,1.89
종근당,103200.0,상승  600,+0.58%,102800.0,103200.0,14970.0,1542.0,22690.0,2024-05-12,185750,,,,,,,,325560,325560,528,0.16%,101.57,+0.31%,코스피,36,2147,21400,9150,12250,2.33879781420765,81800.0,4.822429906542056,,,,,-364,1.87,5976.0,
알리코제약 *,5180.0,상승  30,+0.58%,5150.0,5180.0,4868.0,25.0,13265.0,2024-05-12,260660,,,,,,,,14669958,14669958,36422,0.25%,101.57,+0.31%,코스닥,989,877,9680,6110,3570,1.5842880523731588,-4500.0,0.5351239669421488,,,,,-166,3.93,1714.0,
유유제약,4750.0,상승  25,+0.53%,4730.0,4750.0,32989.0,155.0,24170.0,2024-05-12,000220,3701.0,33.0,48.0,0.9,1.31,205.0,544.88,11686538,11686538,2175597,18.62%,101.57,+0.31%,코스피,13393,195,131100,93000,38100,1.4096774193548387,-126350.0,0.036231884057971016,144667.0,4.0,매수,,-2279,1.01,113924.0,1.31
신신제약 *,5650.0,상승  30,+0.53%,5650.0,5660.0,106217.0,605.0,42797.0,2024-05-12,002800,,,,,,,,58141980,58141980,3378656,5.81%,101.57,+0.31%,코스닥,11384,225,27100,11460,15640,2.364746945898778,-21450.0,0.20848708487084872,,,,7.46,2626,0.86,22861.0,0.51
녹십자홀딩스,15850.0,상승  80,+0.51%,15800.0,15850.0,21938.0,347.0,32853.0,2024-05-12,005250,,,,,,,,2266930,2266930,12815,0.57%,101.57,+0.31%,코스피,114,1730,11020,4010,7010,2.748129675810474,4830.0,1.438294010889292,,,,,-364,0.84,5976.0,
유유제약2우B,11150.0,상승  50,+0.45%,11060.0,11150.0,558.0,6.0,691.0,2024-05-12,000227,,,,,,,,23709280,23709280,12033828,50.76%,101.57,+0.31%,코스피,1001,869,9750,2610,7140,3.735632183908046,1400.0,1.1435897435897435,,,,26.71,158,1.82,2316.0,
옵티팜 *,6740.0,상승  30,+0.45%,6730.0,6740.0,9391.0,63.0,15212.0,2024-05-12,153710,1896.0,253.0,172.0,13.35,9.07,717.0,42.62,341951,341951,68,0.02%,101.57,+0.31%,코스닥,101,1810,35900,28250,7650,1.2707964601769912,-29160.0,0.18774373259052926,44750.0,4.0,매수,19.78,1486,2.72,10789.0,1.44
녹십자,114600.0,상승  500,+0.44%,114600.0,114800.0,7370.0,846.0,20853.0,2024-05-12,006280,,,,,,,,20871467,20871467,889735,4.26%,101.57,+0.31%,코스피,1926,665,12650,5690,6960,2.2231985940246046,101950.0,9.059288537549406,,,,83.91,110,1.04,8838.0,
대웅,19580.0,상승  80,+0.41%,19480.0,19580.0,32211.0,635.0,34175.0,2024-05-12,003090,4647.0,144.0,233.0,3.1,5.01,324.0,218.89,1180940,1180940,4324,0.37%,101.57,+0.31%,코스피,731,1022,73400,52400,21000,1.400763358778626,-53820.0,0.2667574931880109,92000.0,4.0,매수,37.02,1672,2.26,27356.0,0.74
유유제약1우,5020.0,상승  20,+0.40%,4990.0,5020.0,3151.0,15.0,2037.0,2024-05-12,000225,,,,,,,,8892384,8892384,21345,0.24%,101.57,+0.31%,코스피,551,1265,7520,5600,1920,1.3428571428571427,-2500.0,0.6675531914893617,,,,20.95,296,0.64,9675.0,1.61
드림씨아이에스 *,4220.0,상승  15,+0.36%,4215.0,4220.0,605510.0,2533.0,9511647.0,2024-05-12,223250,,,,,,,,21159832,21159832,929806,4.39%,101.57,+0.31%,코스닥,1053,899,8120,3530,4590,2.3002832861189804,-3900.0,0.5197044334975369,,,,,-398,1.19,4194.0,
JW중외제약우,29400.0,상승  100,+0.34%,29000.0,29400.0,204.0,5.0,299.0,2024-05-12,001065,,,,,,,,11986415,11986415,160874,1.34%,101.57,+0.31%,코스피,853,974,8380,6280,2100,1.3343949044585988,21020.0,3.5083532219570404,,,,6.26,1138,0.61,11670.0,2.39
삼일제약,9230.0,상승  30,+0.33%,9220.0,9230.0,300135.0,2764.0,268546.0,2024-05-12,000520,,,,,,,,66532826,66532826,777803,1.17%,101.57,+0.31%,코스피,1083,802,2410,1550,860,1.5548387096774194,6820.0,3.8298755186721993,,,,28.07,58,0.6,2718.0,
파마리서치바이오,30400.0,상승  100,+0.33%,30000.0,30400.0,1902.0,57706.0,1862.0,2024-05-12,217950,,,,,,,,14704872,14704872,375158,2.55%,101.57,+0.31%,코스피,2570,561,21150,14540,6610,1.454607977991747,9250.0,1.4373522458628842,,,,51.41,340,1.61,10882.0,0.29
유한양행우,61900.0,상승  200,+0.32%,61500.0,61900.0,1674.0,102.0,294.0,2024-05-12,000105,,,,,,,,19085664,19085664,1150201,6.03%,101.57,+0.31%,코스피,2661,550,18100,13130,4970,1.3785224676313785,43800.0,3.4198895027624308,,,,,-130,1.13,12323.0,1.08
비씨월드제약 *,6200.0,상승  20,+0.32%,6170.0,6200.0,2721.0,17.0,3961.0,2024-05-12,200780,,,,,,,,24383808,24383808,72095,0.30%,101.57,+0.31%,코스닥,562,1251,8640,2050,6590,4.214634146341464,-2440.0,0.7175925925925926,,,,,-1682,3.16,730.0,
국제약품,4975.0,상승  15,+0.30%,4970.0,4975.0,104933.0,522.0,143793.0,2024-05-12,002720,,,,,,,,13300000,13300000,136402,1.03%,101.57,+0.31%,코스피,2637,552,29000,18310,10690,1.5838339705079192,-24025.0,0.17155172413793104,,,,,-1575,0.35,56158.0,7.56
신일제약 *,7120.0,상승  20,+0.28%,7110.0,7120.0,17556.0,124.0,14655.0,2024-05-12,012790,,,,,,,,22298866,22298866,440218,1.97%,101.57,+0.31%,코스닥,1340,649,13330,4935,8395,2.701114488348531,-6210.0,0.5341335333833458,,,,,-842,2.58,2328.0,
화일약품 *,1628.0,상승  4,+0.25%,1627.0,1628.0,53708.0,87.0,79060.0,2024-05-12,061250,,,,,,,,76827750,76827750,5353004,6.97%,101.57,+0.31%,코스닥,46020,86,88600,56700,31900,1.562610229276896,-86972.0,0.018374717832957112,61250.0,3.0,중립,205.84,291,2.7,22178.0,
퓨쳐메디신,4000.0,상승  10,+0.25%,3950.0,4070.0,8254.0,33128.0,836.0,2024-05-12,341170,4647.0,144.0,233.0,3.1,5.01,324.0,218.89,80209064,80209064,16313364,20.34%,101.57,+0.31%,코스피,57430,64,84605,52543,32062,1.6102049749728793,-80605.0,0.047278529637728266,92000.0,4.0,매수,42.82,1672,2.62,27356.0,0.6
제일약품,17480.0,상승  40,+0.23%,17470.0,17480.0,21183.0,370.0,29694.0,2024-05-12,271980,,,,,,,,70604464,70604464,3188351,4.52%,101.57,+0.31%,코스피,2909,296,7656,3735,3921,2.0497991967871485,9824.0,2.283176593521421,,,,,-56,5.13,803.0,
일양약품,13940.0,상승  30,+0.22%,13920.0,13940.0,31300.0,435.0,9284.0,2024-05-12,007570,,,,,,,,115994921,115994921,3199986,2.76%,101.57,+0.31%,코스피,945,898,1280,625,655,2.048,12660.0,10.890625,,,,6.57,124,0.9,901.0,
브릿지바이오테라퓨틱스 *,2305.0,상승  5,+0.22%,2295.0,2305.0,171156.0,392.0,248890.0,2024-05-12,288330,,,,,,,,35593402,35593402,671833,1.89%,101.57,+0.31%,코스닥,436,1402,2515,1135,1380,2.2158590308370045,-210.0,0.9165009940357853,,,,,-592,0.55,2230.0,
일성아이에스,19830.0,상승  40,+0.20%,19800.0,19830.0,5382.0,106.0,5713.0,2024-05-12,003120,,,,,,,,22993200,22993200,1470758,6.40%,101.57,+0.31%,코스피,3679,222,44498,14350,30148,3.1009059233449476,-24668.0,0.44563800620252597,,,,,-499,4.41,3631.0,
안지오랩,5800.0,상승  10,+0.17%,5770.0,5800.0,1756.0,10131.0,890.0,2024-05-12,251280,,,,,,,,11540400,11540400,130193,1.13%,101.57,+0.31%,코스피,1021,907,16790,8200,8590,2.047560975609756,-10990.0,0.34544371649791544,,,,,-5163,2.57,3450.0,1.13
압타바이오 *,6010.0,상승  10,+0.17%,6010.0,6020.0,30049.0,182.0,32184.0,2024-05-12,293780,,,,,,,,845990,845990,471,0.06%,101.57,+0.31%,코스닥,226,1441,44600,26050,18550,1.7120921305182342,-38590.0,0.13475336322869955,,,,,-1093,1.24,21591.0,1.12
SK바이오사이언스,59900.0,상승  100,+0.17%,59900.0,60000.0,42194.0,2529.0,92371.0,2024-05-12,302440,,,,,,,,13900000,13900000,255543,1.84%,101.57,+0.31%,코스피,2756,534,25000,19370,5630,1.2906556530717606,34900.0,2.396,31000.0,4.0,매수,14.58,1360,0.95,20772.0,4.03
유한양행,71600.0,상승  100,+0.14%,71600.0,71700.0,202462.0,14574.0,218010.0,2024-05-12,000100,,,,,,,,11569113,11569113,994080,8.59%,101.57,+0.31%,코스피,2591,558,32150,20700,11450,1.5531400966183575,39450.0,2.2270606531881803,,,,42.34,529,0.59,38283.0,0.45
코미팜 *,4120.0,상승  5,+0.12%,4120.0,4125.0,42023.0,173.0,84627.0,2024-05-12,041960,,,,,,,,6000000,6000000,1033931,17.23%,101.57,+0.31%,코스닥,1716,531,29650,25500,4150,1.1627450980392158,-25530.0,0.13895446880269816,,,,6.04,4738,0.68,42172.0,2.62
텔콘RF제약 *,815.0,상승  1,+0.12%,814.0,815.0,226671.0,184.0,491011.0,2024-05-12,200230,,,,,,,,29129064,29129064,672086,2.31%,101.57,+0.31%,코스닥,606,1201,2605,1555,1050,1.67524115755627,-1790.0,0.31285988483685223,,,,,-50,1.81,1150.0,
경남제약 *,1225.0,상승  1,+0.08%,1224.0,1225.0,154578.0,190.0,109747.0,2024-05-12,053950,,,,,,,,74163194,74163194,192775,0.26%,101.57,+0.31%,코스닥,288,1554,1055,352,703,2.997159090909091,170.0,1.161137440758294,,,,,-284,0.38,1019.0,
박셀바이오 *,16000.0,상승  10,+0.06%,16000.0,16010.0,60093.0,963.0,96590.0,2024-05-12,323990,136.0,14.0,-48.0,10.26,-35.16,-139.0,-50.99,35305182,35305182,975235,2.76%,101.57,+0.31%,코스닥,2454,360,8410,5250,3160,1.601904761904762,7590.0,1.9024970273483948,8000.0,4.0,매수,64.35,108,3.12,2230.0,
일동홀딩스,8850.0,보합0,0.00%,8800.0,8850.0,9209.0,81.0,11091.0,2024-05-12,000230,,,,,,,,23906860,23906860,388671,1.63%,101.57,+0.31%,코스피,1779,699,10950,6060,4890,1.806930693069307,-2100.0,0.8082191780821918,,,,60.0,124,1.23,6039.0,0.67
녹십자홀딩스2우,26750.0,보합0,0.00%,26800.0,26850.0,39.0,1.0,30.0,2024-05-12,005257,,,,,,,,5392115,5392115,12051,0.22%,101.57,+0.31%,코스피,755,1063,22800,11300,11500,2.017699115044248,3950.0,1.1732456140350878,,,,,-255,0.7,20110.0,
삼진제약,19830.0,보합0,0.00%,19820.0,19830.0,8329.0,164.0,8692.0,2024-05-12,005500,,,,,,,,7674103,7674103,18474,0.24%,101.57,+0.31%,코스피,364,1474,11320,3955,7365,2.862199747155499,8510.0,1.7517667844522968,,,,23.24,204,2.7,1755.0,1.05
서흥,22400.0,보합0,0.00%,22400.0,22500.0,4266.0,95.0,5302.0,2024-05-12,008490,,,,,,,,14974158,14974158,216356,1.44%,101.57,+0.31%,코스피,1075,811,19520,6550,12970,2.980152671755725,2880.0,1.1475409836065573,,,,,-2971,1.86,3862.0,
대한약품 *,28600.0,보합0,0.00%,28550.0,28600.0,2439.0,70.0,3113.0,2024-05-12,023910,,,,,,,,61501469,61501469,23547600,38.29%,105.4,+0.31%,코스닥,2525,346,5550,3850,1700,1.4415584415584415,23050.0,5.153153153153153,,,,,-434,2.74,1496.0,
제일바이오 *,2080.0,보합0,0.00%,0.0,0.0,0.0,0.0,0.0,2024-05-12,052670,,,,,,,,288232166,288232166,0,0.00%,105.4,+0.31%,코스닥,314,1525,203,107,96,1.897196261682243,1877.0,10.246305418719212,,,,1.2,91,0.07,1504.0,
제넨바이오 *,389.0,보합0,0.00%,0.0,0.0,0.0,0.0,0.0,2024-05-12,072520,,,,,,,,23071031,23071031,83688,0.36%,101.57,+0.31%,코스닥,447,1389,6420,1801,4619,3.5646862853970016,-6031.0,0.06059190031152648,,,,,-541,2.35,823.0,
이수앱지스 *,6950.0,보합0,0.00%,6950.0,6970.0,51697.0,360.0,96936.0,2024-05-12,086890,,,,,,,,445080,445080,1168,0.26%,101.57,+0.31%,코스닥,69,1989,19400,14350,5050,1.3519163763066202,-12450.0,0.3582474226804124,,,,,-130,1.26,12323.0,1.13
경보제약,7440.0,보합0,0.00%,0.0,0.0,0.0,0.0,0.0,2024-05-12,214390,,,,,,,,6370000,6370000,103449,1.62%,101.57,+0.31%,코스피,1016,855,19770,15220,4550,1.2989487516425755,-12330.0,0.37632776934749623,,,,4.75,3355,0.49,32846.0,4.7
노브메타파마,20500.0,보합0,0.00%,0.0,0.0,0.0,0.0,0.0,2024-05-12,229500,,,,,,,,76699394,76699394,233052,0.30%,101.57,+0.31%,코스피,940,904,1830,705,1125,2.595744680851064,18670.0,11.202185792349727,,,,,-60,6.22,197.0,
에이치엘사이언스 *,14000.0,보합0,0.00%,14000.0,14100.0,2761.0,39.0,2697.0,2024-05-12,239610,3981.0,668.0,510.0,16.77,12.81,3055.0,101.63,12810991,12810991,2313307,18.06%,101.57,+0.31%,코스닥,4803,99,377000,256565,120435,1.469413209128291,-363000.0,0.03713527851458886,414667.0,4.0,매수,27.9,11415,4.23,75288.0,0.15
에스엘에스바이오 *,4740.0,보합0,0.00%,4700.0,4740.0,7134.0,34.0,3445.0,2024-05-12,246250,,,,,,,,37558368,37558368,379670,1.01%,101.57,+0.31%,코스닥,691,1121,3595,1775,1820,2.0253521126760563,1145.0,1.3184979137691237,,,,,-837,1.18,1558.0,
지놈앤컴퍼니 *,7180.0,보합0,0.00%,7180.0,7190.0,54199.0,386.0,84291.0,2024-05-12,314130,,,,,,,,94162079,94162079,4967492,5.28%,101.57,+0.31%,코스닥,1601,728,3789,1593,2196,2.378531073446328,3391.0,1.8949590921087358,,,,,-333,1.63,1043.0,
프레스티지바이오로직스 *,4105.0,보합0,0.00%,4100.0,4105.0,86062.0,354.0,55629.0,2024-05-12,334970,,,,,,,,9658687,9658687,227575,2.36%,101.57,+0.31%,코스닥,1052,823,17090,9960,7130,1.715863453815261,-12985.0,0.24019894675248685,,,,18.06,603,1.05,10333.0,1.38
바스칸바이오제약,7380.0,보합0,0.00%,7000.0,7380.0,0.0,0.0,0.0,2024-05-12,354390,,,,,,,,12641883,12641883,52842,0.42%,101.57,+0.31%,코스피,661,1155,7750,4800,2950,1.6145833333333333,-370.0,0.952258064516129,,,,22.26,235,1.42,3694.0,0.76
카이바이오텍,6340.0,보합0,0.00%,5400.0,0.0,0.0,0.0,0.0,2024-05-12,446600,,,,,,,,8180000,8180000,106299,1.30%,101.57,+0.31%,코스피,440,1397,9390,4815,4575,1.9501557632398754,-3050.0,0.6751863684771033,,,,40.76,132,0.85,6321.0,
씨엑스아이 *,109.0,보합0,0.00%,108.0,109.0,735749.0,80.0,811793.0,2024-05-12,900120,,,,,,,,13763533,13763533,304448,2.21%,101.57,+0.31%,코스닥,1892,673,15460,11480,3980,1.3466898954703832,-15351.0,0.007050452781371281,,,,,-2092,0.56,24611.0,2.18
샤페론 *,1937.0,하락  1,-0.05%,1937.0,1938.0,133171.0,259.0,186249.0,2024-05-12,378800,,,,,,,,8666361,8666361,14060,0.16%,101.57,+0.31%,코스닥,787,1034,12400,7190,5210,1.7246175243393602,-10463.0,0.15620967741935485,,,,14.44,629,0.76,11878.0,0.55
일양약품우,15490.0,하락  10,-0.06%,15290.0,15490.0,186.0,2.0,3.0,2024-05-12,007575,,,,,,,,27255390,27255390,304595,1.12%,101.57,+0.31%,코스피,1167,746,8392,2135,6257,3.930679156908665,7098.0,1.84580552907531,,,,,-1043,2.58,1656.0,
삼아제약 *,15950.0,하락  10,-0.06%,15940.0,15950.0,9356.0,149.0,6844.0,2024-05-12,009300,,,,,,,,182892731,182892731,5303270,2.90%,101.57,+0.31%,코스닥,3868,428,2995,1960,1035,1.528061224489796,12955.0,5.325542570951586,,,,,-21,4.32,490.0,
지엘팜텍 *,1225.0,하락  1,-0.08%,1223.0,1225.0,80658.0,99.0,56752.0,2024-05-12,204840,,,,,,,,32474435,32474435,818680,2.52%,101.57,+0.31%,코스닥,1299,673,5530,3730,1800,1.482573726541555,-4305.0,0.22151898734177214,,,,4.96,807,0.94,4240.0,
한미약품,318500.0,하락  500,-0.16%,318500.0,319000.0,19374.0,6215.0,28475.0,2024-05-12,128940,,,,,,,,30027963,30027963,176762,0.59%,101.57,+0.31%,코스피,582,1229,2645,1750,895,1.5114285714285713,315855.0,120.41587901701324,,,,20.18,96,1.45,1339.0,
아이큐어 *,1840.0,하락  3,-0.16%,1840.0,1848.0,44426.0,82.0,42624.0,2024-05-12,175250,,,,,,,,52420851,52420851,10060062,19.19%,101.57,+0.31%,코스닥,3554,460,8500,5770,2730,1.4731369150779896,-6660.0,0.2164705882352941,,,,9.62,705,0.5,13588.0,1.48
삼성제약,1700.0,하락  3,-0.18%,1699.0,1700.0,181470.0,308.0,116178.0,2024-05-12,001360,,,,,,,,26816748,26816748,0,0.00%,101.57,+0.31%,코스피,1311,664,7660,4100,3560,1.8682926829268294,-5960.0,0.22193211488250653,,,,,-66,3.69,1325.0,
중앙백신 *,10890.0,하락  20,-0.18%,10880.0,10890.0,37904.0,412.0,19723.0,2024-05-12,072020,,,,,,,,7929338,7929338,25278,0.32%,101.57,+0.31%,코스닥,515,1318,10380,6420,3960,1.6168224299065421,510.0,1.0491329479768785,,,,15.59,417,0.79,8248.0,1.54
이글벳 *,5230.0,하락  10,-0.19%,5220.0,5230.0,43589.0,228.0,35279.0,2024-05-12,044960,,,,,,,,73924942,73924942,1478296,2.00%,101.57,+0.31%,코스닥,2214,611,4398,2880,1518,1.5270833333333333,832.0,1.1891768985902682,,,,11.65,257,1.75,1716.0,3.44
비피도 *,5380.0,하락  10,-0.19%,5370.0,5380.0,22851.0,122.0,14352.0,2024-05-12,238200,,,,,,,,27931470,27931470,1505728,5.39%,101.57,+0.31%,코스닥,2413,586,11120,8340,2780,1.3333333333333333,-5740.0,0.48381294964028776,,,,8.8,982,0.64,13413.0,2.08
한독,13750.0,하락  30,-0.22%,13750.0,13770.0,3678.0,50.0,12433.0,2024-05-12,002390,,,,,,,,48211715,48211715,22973,0.05%,101.57,+0.31%,코스피,1388,632,4620,2395,2225,1.92901878914405,9130.0,2.9761904761904763,,,,,-70,1.31,2205.0,
알피바이오 *,9080.0,하락  20,-0.22%,9050.0,9080.0,17998.0,162.0,12484.0,2024-05-12,314140,,,,,,,,8610587,8610587,325238,3.78%,101.57,+0.31%,코스닥,337,1506,5430,3775,1655,1.4384105960264901,3650.0,1.6721915285451197,,,,13.01,301,0.7,5610.0,
큐리언트 *,4280.0,하락  10,-0.23%,4245.0,4280.0,57317.0,244.0,47331.0,2024-05-12,115180,,,,,,,,32000000,32000000,486175,1.52%,105.4,+0.31%,코스닥,1208,843,5240,3510,1730,1.4928774928774928,-960.0,0.816793893129771,,,,25.34,149,1.19,3182.0,0.93
영진약품,2115.0,하락  5,-0.24%,2115.0,2120.0,301134.0,643.0,99441.0,2024-05-12,003520,,,,,,,,16333822,16333822,1148490,7.03%,101.57,+0.31%,코스피,3985,419,30600,21500,9100,1.4232558139534883,-28485.0,0.06911764705882353,,,,8.21,2971,0.94,25898.0,1.72
테라젠이텍스 *,4000.0,하락  10,-0.25%,3995.0,4000.0,31174.0,125.0,24595.0,2024-05-12,066700,611.0,76.0,80.0,12.44,13.09,,,18600070,18600070,2061266,11.08%,101.57,+0.31%,코스닥,2671,549,16270,12410,3860,1.3110394842868653,-12270.0,0.24585125998770743,20000.0,4.0,매수,8.97,1601,0.61,23463.0,2.09
더블유에스아이 *,1937.0,하락  5,-0.26%,1930.0,1937.0,20982.0,40.0,28989.0,2024-05-12,299170,,,,,,,,15973355,15973355,1555936,9.74%,101.57,+0.31%,코스닥,1797,693,16000,9250,6750,1.7297297297297298,-14063.0,0.1210625,,,,,-1017,0.54,20810.0,0.44
광동제약,6780.0,하락  20,-0.29%,6780.0,6800.0,65877.0,447.0,59624.0,2024-05-12,009290,,,,,,,,11659319,11659319,78407,0.67%,101.57,+0.31%,코스피,399,1443,4565,3230,1335,1.4133126934984521,2215.0,1.4852135815991239,,,,11.34,302,1.04,3308.0,
차백신연구소 *,4890.0,하락  15,-0.31%,4885.0,4890.0,79737.0,391.0,109611.0,2024-05-12,261780,,,,,,,,33953454,33953454,268434,0.79%,101.57,+0.31%,코스닥,713,1030,2765,1962,803,1.40927624872579,2125.0,1.7685352622061483,,,,,-133,0.84,2489.0,
팜스빌 *,6500.0,하락  20,-0.31%,6490.0,6500.0,9713.0,63.0,9640.0,2024-05-12,318010,,,,,,,,50841502,50841502,413106,0.81%,101.57,+0.31%,코스닥,935,907,3134,1705,1429,1.8381231671554252,3366.0,2.0740268028079134,,,,,-735,5.56,331.0,
JW홀딩스,2995.0,하락  10,-0.33%,2985.0,2995.0,36275.0,108.0,18835.0,2024-05-12,096760,,,,,,,,22102155,22102155,860104,3.89%,101.57,+0.31%,코스피,2646,326,15530,7100,8430,2.187323943661972,-12535.0,0.19285254346426273,,,,,-304,4.15,2886.0,
동화약품,8640.0,하락  30,-0.35%,8640.0,8650.0,38317.0,331.0,36197.0,2024-05-12,000020,,,,,,,,60096155,60096155,37932118,63.12%,105.4,+0.31%,코스피,4820,380,14920,7850,7070,1.9006369426751593,-6280.0,0.579088471849866,,,,,-766,1.14,7028.0,
비보존 제약 *,2880.0,하락  10,-0.35%,2870.0,2880.0,59832.0,171.0,32140.0,2024-05-12,082800,1896.0,253.0,172.0,13.35,9.07,717.0,42.62,209973,209973,319,0.15%,101.57,+0.31%,코스닥,124,1697,66100,56900,9200,1.1616871704745166,-63220.0,0.04357034795763994,44750.0,4.0,매수,39.7,1486,5.47,10789.0,0.67
진바이오텍 *,3915.0,하락  15,-0.38%,3915.0,3935.0,20399.0,80.0,11119.0,2024-05-12,086060,,,,,,,,13042420,13042420,506083,3.88%,101.57,+0.31%,코스닥,996,873,10510,7150,3360,1.46993006993007,-6595.0,0.3725023786869648,,,,77.17,99,0.57,13382.0,2.88
현대약품,3775.0,하락  15,-0.40%,3775.0,3785.0,18536.0,70.0,20775.0,2024-05-12,004310,558.0,70.0,56.0,12.54,10.04,315.0,42.05,17772946,17772946,0,0.00%,101.57,+0.31%,코스피,2355,593,15100,13090,2010,1.1535523300229182,-11325.0,0.25,20000.0,4.0,매수,10.54,1257,0.82,16069.0,3.85
유나이티드제약,24400.0,하락  100,-0.41%,24350.0,24400.0,30822.0,753.0,22317.0,2024-05-12,033270,,,,,,,,9140444,9140444,267788,2.93%,101.57,+0.31%,코스피,240,1598,5680,2390,3290,2.3765690376569037,18720.0,4.295774647887324,,,,,-313,1.79,1465.0,
환인제약,14360.0,하락  60,-0.42%,14360.0,14400.0,4136.0,59.0,5560.0,2024-05-12,016580,,,,,,,,8834970,8834970,1835573,20.78%,101.57,+0.31%,코스피,5760,348,88000,47774,40226,1.8420061121111901,-73640.0,0.16318181818181818,86273.0,4.0,매수,51.5,1266,0.85,76420.0,1.05
제일파마홀딩스,11250.0,하락  50,-0.44%,11250.0,11270.0,9990.0,112.0,11501.0,2024-05-12,002620,,,,,,,,14354920,14354920,0,0.00%,101.57,+0.31%,코스피,1148,761,10410,7670,2740,1.3572359843546284,840.0,1.080691642651297,,,,9.15,874,1.03,7791.0,1.25
서울제약 *,3425.0,하락  15,-0.44%,3400.0,3425.0,5910.0,20.0,4752.0,2024-05-12,018680,,,,,,,,57930864,57930864,921518,1.59%,101.57,+0.31%,코스닥,3708,221,9090,6070,3020,1.4975288303130148,-5665.0,0.3767876787678768,,,,15.2,421,3.0,2132.0,1.09
명문제약,2100.0,하락  10,-0.47%,2090.0,2100.0,13985.0,29.0,17027.0,2024-05-12,017180,,,,,,,,28464992,28464992,622381,2.19%,101.57,+0.31%,코스피,1790,502,7110,4615,2495,1.5406283856988083,-5010.0,0.29535864978902954,,,,15.16,415,1.57,3999.0,1.91
JW신약 *,1840.0,하락  9,-0.49%,1839.0,1840.0,54021.0,100.0,97290.0,2024-05-12,067290,,,,,,,,11000000,11000000,209245,1.90%,101.57,+0.31%,코스닥,678,1138,7980,5870,2110,1.3594548551959114,-6140.0,0.23057644110275688,,,,,-447,0.86,7147.0,2.43
퓨쳐켐 *,11970.0,하락  60,-0.50%,11960.0,11970.0,478669.0,5779.0,800440.0,2024-05-12,220100,,,,,,,,49069269,49069269,109866,0.22%,101.57,+0.31%,코스닥,2763,314,8140,5420,2720,1.5018450184501846,3830.0,1.4705159705159705,,,,57.45,98,2.87,1965.0,0.18
프레스티지바이오파마,8020.0,하락  40,-0.50%,8020.0,8040.0,20303.0,162.0,26403.0,2024-05-12,950210,337.0,14.0,15.0,4.15,4.45,,,52240638,52240638,3128029,5.99%,101.57,+0.31%,코스피,17736,165,46750,18400,28350,2.5407608695652173,-38730.0,0.17155080213903742,45333.0,4.0,매수,506.72,67,9.24,3673.0,
JW중외제약2우B,59000.0,하락  300,-0.51%,58500.0,59000.0,327.0,18.0,69.0,2024-05-12,001067,,,,,,,,3800000,3800000,103507,2.72%,101.57,+0.31%,코스피,412,1429,19450,9690,9760,2.007223942208462,39550.0,3.033419023136247,,,,,-179,1.1,9829.0,0.69
안국약품 *,7640.0,하락  40,-0.52%,7640.0,7670.0,13780.0,105.0,6066.0,2024-05-12,001540,,,,,,,,10633173,10633173,4643311,43.67%,101.57,+0.31%,코스닥,1277,687,12420,7880,4540,1.5761421319796953,-4780.0,0.6151368760064412,,,,15.8,760,1.19,10062.0,0.56
하나제약,13250.0,하락  70,-0.53%,13240.0,13250.0,27648.0,366.0,29708.0,2024-05-12,293480,,,,,,,,26100970,26100970,1076794,4.13%,101.57,+0.31%,코스피,1355,798,7990,5020,2970,1.591633466135458,5260.0,1.6583229036295368,,,,,-79,2.98,1741.0,
애드바이오텍 *,2625.0,하락  15,-0.57%,2620.0,2625.0,4857.0,13.0,7089.0,2024-05-12,179530,,,,,,,,52984990,52984990,3948943,7.45%,101.57,+0.31%,코스닥,7301,298,22800,9560,13240,2.3849372384937237,-20175.0,0.11513157894736842,,,,,-1039,2.62,5259.0,
동아에스티,65200.0,하락  400,-0.61%,65200.0,65300.0,10361.0,676.0,15670.0,2024-05-12,170900,1896.0,253.0,172.0,13.35,9.07,717.0,42.62,23285930,23285930,2259774,9.70%,101.57,+0.31%,코스피,7114,308,51492,21626,29866,2.381022842874318,13708.0,1.266216111240581,44750.0,4.0,매수,20.56,1486,2.83,10789.0,1.28
대한뉴팜 *,8000.0,하락  50,-0.62%,7990.0,8000.0,20811.0,167.0,12421.0,2024-05-12,054670,,,,,,,,87826844,87826844,1144141,1.30%,101.57,+0.31%,코스닥,1318,660,1950,1125,825,1.7333333333333334,6050.0,4.102564102564102,,,,53.61,28,2.42,620.0,
바이오플러스 *,6400.0,하락  40,-0.62%,6400.0,6410.0,164605.0,1056.0,76373.0,2024-05-12,099430,,,,,,,,37734811,37734811,0,0.00%,101.57,+0.31%,코스닥,874,963,4500,1500,3000,3.0,1900.0,1.4222222222222223,,,,9.3,249,2.27,1022.0,
동구바이오제약 *,6290.0,하락  40,-0.63%,6290.0,6330.0,104427.0,659.0,138741.0,2024-05-12,006620,,,,,,,,138892244,138892244,6293812,4.53%,101.57,+0.31%,코스닥,2938,293,2830,1993,837,1.4199698946312092,3460.0,2.222614840989399,,,,45.98,46,1.54,1370.0,
고려제약 *,6160.0,하락  40,-0.65%,6160.0,6170.0,10556.0,65.0,8296.0,2024-05-12,014570,2250.0,50.0,,2.22,,,,5009861,5009861,273036,5.45%,101.57,+0.31%,코스닥,3026,509,64300,45400,18900,1.4162995594713657,-58140.0,0.095800933125972,70000.0,4.0,매수,6.44,9383,0.51,118253.0,2.32
국전약품 *,5630.0,하락  40,-0.71%,5630.0,5650.0,163534.0,922.0,236113.0,2024-05-12,307750,509.0,90.0,86.0,17.68,16.9,543.0,23.02,15834554,15834554,536869,3.39%,101.57,+0.31%,코스닥,1979,656,15160,11690,3470,1.296834901625321,-9530.0,0.3713720316622691,16000.0,4.0,매수,7.03,1777,1.21,10294.0,4.0
한올바이오파마,33950.0,하락  250,-0.73%,33950.0,34000.0,224612.0,7726.0,242439.0,2024-05-12,009420,,,,,,,,20000000,20000000,91893,0.46%,101.57,+0.31%,코스피,455,1383,3543,1781,1762,1.9893318360471646,30407.0,9.582274908269827,,,,,-818,1.25,1813.0,
대성미생물 *,10850.0,하락  80,-0.73%,10850.0,10890.0,18381.0,200.0,30164.0,2024-05-12,036480,,,,,,,,13202139,13202139,126237,0.96%,101.57,+0.31%,코스닥,1079,807,13680,6210,7470,2.2028985507246377,-2830.0,0.7931286549707602,,,,13.55,603,1.19,6839.0,1.22
하이텍팜 *,12010.0,하락  90,-0.74%,12010.0,12090.0,52169.0,623.0,79429.0,2024-05-12,106190,1420.0,144.0,114.0,10.16,8.05,545.0,26.87,22190194,22190194,3337468,15.04%,101.57,+0.31%,코스닥,3251,484,19490,13530,5960,1.4405025868440502,-7480.0,0.616213442791175,23667.0,4.0,매수,13.47,1088,1.17,12559.0,2.05
동성제약,5190.0,하락  40,-0.76%,5180.0,5190.0,30025.0,155.0,26064.0,2024-05-12,002210,,,,,,,,33580695,33580695,2233116,6.65%,101.57,+0.31%,코스피,3026,283,20966,6110,14856,3.4314238952536824,-15776.0,0.2475436420871888,,,,,-1405,4.28,2106.0,
신풍제약,13780.0,하락  110,-0.79%,13780.0,13790.0,153362.0,2145.0,129554.0,2024-05-12,019170,,,,,,,,17752276,17752276,439031,2.47%,101.57,+0.31%,코스피,1702,536,12680,6010,6670,2.10981697171381,1100.0,1.086750788643533,,,,25.24,380,1.7,5655.0,1.04
JW중외제약,30550.0,하락  250,-0.81%,30550.0,30600.0,60084.0,1834.0,73446.0,2024-05-12,001060,3320.0,285.0,208.0,8.57,6.26,1968.0,57.27,11586575,11586575,1094413,9.45%,101.57,+0.31%,코스피,12826,201,127600,88300,39300,1.4450736126840318,-97050.0,0.23942006269592475,162857.0,4.0,매수,10.54,10507,1.66,66686.0,0.54
아미노로직스 *,1501.0,하락  13,-0.86%,1498.0,1501.0,133303.0,200.0,99352.0,2024-05-12,074430,,,,,,,,39378420,39378420,313210,0.80%,101.57,+0.31%,코스닥,423,1418,1464,970,494,1.5092783505154639,37.0,1.025273224043716,,,,12.79,84,1.1,978.0,
모아라이프플러스 *,2315.0,하락  20,-0.86%,2315.0,2320.0,367929.0,856.0,649122.0,2024-05-12,142760,,,,,,,,12621492,12621492,1035058,8.20%,101.57,+0.31%,코스닥,2733,318,27250,17970,9280,1.5164162493043962,-24935.0,0.08495412844036697,,,,7.12,3041,0.53,40972.0,2.42
CMG제약 *,2115.0,하락  20,-0.94%,2110.0,2115.0,186972.0,398.0,172786.0,2024-05-12,058820,,,,,,,,28062501,28062501,1585022,5.65%,101.57,+0.31%,코스닥,4333,399,24450,14380,10070,1.700278164116829,-22335.0,0.08650306748466258,25000.0,4.0,매수,,-2912,2.55,6045.0,
종근당홀딩스,60400.0,하락  600,-0.98%,60400.0,60500.0,3500.0,211.0,1366.0,2024-05-12,001630,553.0,39.0,22.0,7.04,4.04,263.0,325.97,18933904,18933904,845699,4.47%,101.57,+0.31%,코스피,17268,24,103100,59900,43200,1.7212020033388982,-42700.0,0.585838991270611,106667.0,4.0,매수,87.61,1041,4.46,20445.0,0.55
JW생명과학,12500.0,하락  130,-1.03%,12500.0,12560.0,10405.0,130.0,15691.0,2024-05-12,234080,2492.0,206.0,146.0,8.25,5.86,244.0,44.82,68690000,68690000,6355722,9.25%,101.57,+0.31%,코스피,7556,291,13750,7440,6310,1.8481182795698925,-1250.0,0.9090909090909091,16333.0,4.0,매수,18.8,585,1.32,8331.0,0.91
그린생명과학 *,2275.0,하락  25,-1.09%,2270.0,2275.0,13193.0,30.0,21208.0,2024-05-12,114450,,,,,,,,2200000,2200000,2789,0.13%,101.57,+0.31%,코스닥,534,1152,39400,16150,23250,2.4396284829721364,-37125.0,0.057741116751269035,,,,,-1039,4.61,5259.0,
위더스제약 *,8170.0,하락  90,-1.09%,8160.0,8170.0,10155.0,83.0,21134.0,2024-05-12,330350,,,,,,,,24181020,24181020,322287,1.33%,101.57,+0.31%,코스닥,1913,467,15900,7710,8190,2.062256809338521,-7730.0,0.5138364779874214,,,,,-645,2.51,3156.0,
대원제약,14650.0,하락  170,-1.15%,14650.0,14670.0,47056.0,692.0,37470.0,2024-05-12,003220,,,,,,,,68391550,68391550,1768842,2.59%,101.57,+0.31%,코스피,23287,143,56200,29850,26350,1.882747068676717,-41550.0,0.2606761565836299,,,,20.69,1646,2.93,11621.0,0.59
메드팩토 *,9010.0,하락  110,-1.21%,9010.0,9020.0,214423.0,1937.0,180519.0,2024-05-12,235980,,,,,,,,68454671,68454671,3242204,4.74%,101.57,+0.31%,코스닥,4518,392,9000,5460,3540,1.6483516483516483,10.0,1.001111111111111,,,,,-441,2.0,3306.0,
녹십자웰빙 *,9590.0,하락  120,-1.24%,9590.0,9620.0,85900.0,824.0,114490.0,2024-05-12,234690,2628.0,197.0,,7.5,,,,6348913,6348913,964237,15.19%,101.57,+0.31%,코스닥,6698,325,121400,76800,44600,1.5807291666666667,-111810.0,0.07899505766062603,152500.0,4.0,매수,11.55,9134,0.65,161977.0,2.09
대웅제약,110700.0,"하락  1,400",-1.25%,110700.0,110900.0,17844.0,1987.0,22380.0,2024-05-12,069620,,,,,,,,21721650,21721650,1051936,4.84%,101.57,+0.31%,코스피,3300,256,19150,9118,10032,2.100241280982672,91550.0,5.780678851174935,28000.0,4.0,매수,,-662,5.67,2677.0,
휴럼 *,1074.0,하락  14,-1.29%,1070.0,1074.0,72159.0,77.0,68180.0,2024-05-12,353190,,,,,,,,31746701,31746701,0,0.00%,101.57,+0.31%,코스닥,9651,68,42050,11780,30270,3.569609507640068,-40976.0,0.0255410225921522,,,,,-666,10.45,2908.0,
휴온스글로벌 *,21650.0,하락  300,-1.37%,21600.0,21650.0,11197.0,243.0,8610.0,2024-05-12,084110,,,,,,,,56112263,56112263,338577,0.60%,101.57,+0.31%,코스닥,992,875,2395,1078,1317,2.2217068645640072,19255.0,9.039665970772443,,,,17.33,102,2.3,770.0,
일동제약,15440.0,하락  220,-1.40%,15440.0,15450.0,71192.0,1106.0,56829.0,2024-05-12,249420,,,,,,,,13855342,13855342,354281,2.56%,101.57,+0.31%,코스피,2077,420,21350,8250,13100,2.587878787878788,-5910.0,0.7231850117096019,,,,,-836,4.96,3021.0,
엔솔바이오사이언스,4230.0,하락  65,-1.51%,4215.0,4230.0,5248.0,22371.0,14912.0,2024-05-12,140610,,,,,,,,18616650,18616650,207299,1.11%,101.57,+0.31%,코스피,1890,475,15980,7390,8590,2.162381596752368,-11750.0,0.2647058823529412,,,,,-62,2.43,4181.0,1.48
에스티팜 *,91200.0,"하락  1,400",-1.51%,91200.0,91300.0,114373.0,10542.0,221182.0,2024-05-12,237690,,,,,,,,11898263,11898263,117983,0.99%,101.57,+0.31%,코스닥,1280,684,12300,5900,6400,2.0847457627118646,78900.0,7.414634146341464,,,,33.52,321,1.09,9900.0,0.93
보령,11000.0,하락  170,-1.52%,11000.0,11010.0,152284.0,1680.0,69777.0,2024-05-12,003850,1456.0,122.0,110.0,8.35,7.52,,,11979665,11979665,2736681,22.84%,101.57,+0.31%,코스피,4061,196,49500,28900,20600,1.71280276816609,-38500.0,0.2222222222222222,57667.0,4.0,매수,8.03,4223,1.24,27406.0,1.86
신풍제약우,24250.0,하락  400,-1.62%,24250.0,24300.0,5672.0,138.0,2370.0,2024-05-12,019175,,,,,,,,107621909,107621909,9997731,9.29%,101.57,+0.31%,코스피,16283,28,24361,8048,16313,3.0269632206759445,-111.0,0.9954435368006239,,,,,-57,6.68,2266.0,
씨티씨바이오 *,7910.0,하락  130,-1.62%,7900.0,7910.0,24918.0,199.0,51830.0,2024-05-12,060590,,,,,,,,19165740,19165740,117454,0.61%,101.57,+0.31%,코스닥,859,971,7900,4510,3390,1.7516629711751663,10.0,1.0012658227848101,,,,,-937,1.2,3730.0,
한미사이언스,34050.0,하락  600,-1.73%,34000.0,34050.0,119693.0,4120.0,107434.0,2024-05-12,008930,,,,,,,,130830364,130830364,25698764,19.64%,101.57,+0.31%,코스피,132139,2,129000,27550,101450,4.682395644283122,-94950.0,0.26395348837209304,,,,,-1469,25.04,4034.0,
부광약품,6600.0,하락  120,-1.79%,6600.0,6610.0,184849.0,1225.0,659661.0,2024-05-12,003000,,,,,,,,25862493,25862493,133359,0.52%,101.57,+0.31%,코스피,1922,462,11370,6290,5080,1.807631160572337,-4770.0,0.5804749340369393,,,,,-703,2.98,2497.0,
동아쏘시오홀딩스,105500.0,"하락  2,000",-1.86%,105500.0,105800.0,8208.0,870.0,7341.0,2024-05-12,000640,412.0,103.0,76.0,24.9,18.51,680.0,52.74,11229930,11229930,534472,4.76%,101.57,+0.31%,코스피,3796,215,44500,26750,17750,1.6635514018691588,61000.0,2.3707865168539324,53333.0,4.0,매수,14.61,2314,1.77,19055.0,1.55
에이프릴바이오 *,15190.0,하락  290,-1.87%,15190.0,15200.0,134956.0,2065.0,166529.0,2024-05-12,397030,,,,,,,,27922396,27922396,705463,2.53%,101.57,+0.31%,코스닥,1279,685,6040,2275,3765,2.654945054945055,9150.0,2.5149006622516556,,,,,-546,10.88,421.0,
HLB제약 *,30400.0,하락  850,-2.72%,30350.0,30400.0,330123.0,10167.0,448576.0,2024-05-12,047920,,,,,,,,85065562,85065562,7670858,9.02%,101.57,+0.31%,코스닥,1666,545,2220,1110,1110,2.0,28180.0,13.693693693693694,,,,,-110,0.86,2273.0,
씨엔알리서치 *,1768.0,하락  51,-2.80%,1767.0,1768.0,2015844.0,3553.0,1546839.0,2024-05-12,359090,,,,,,,,20467248,20467248,728512,3.56%,101.57,+0.31%,코스닥,572,1242,10200,2060,8140,4.951456310679611,-8432.0,0.17333333333333334,,,,,-1366,2.79,1001.0,
